,City,Country,Date,Latitude,Longitude,Temperature,Humidity,Cloudiness,Max_Temp,Wind Speed
0,Caala,AO,1553734168,-12.85,15.56,56.47,96,32,56.47,2.48
1,Ushibuka,JP,1553734169,32.19,130.02,57.33,100,92,57.33,1.48
2,Bluff,AU,1553734169,-23.58,149.07,71.5,98,100,71.5,13.22
3,Thompson,CA,1553731200,55.74,-97.86,21.2,57,75,21.2,12.75
4,Kaitangata,NZ,1553734095,-46.28,169.85,62.01,54,0,62.01,5.01
5,Mataura,NZ,1553733607,-46.19,168.86,61.0,70,0,61.0,3.0
6,Kapaa,US,1553734098,22.08,-159.32,75.78,57,75,80.6,12.75
7,Tuatapere,NZ,1553733607,-46.13,167.69,61.0,70,12,61.0,3.0
8,Ginir,ET,1553734170,7.14,40.71,60.66,95,48,60.66,3.04
9,Sol-Iletsk,RU,1553734171,51.16,55.0,27.45,91,76,27.45,8.19
10,Barrow,AR,1553734171,-38.31,-60.23,60.39,60,0,60.39,10.54
11,Saint-Philippe,CA,1553734103,45.36,-73.48,34.65,27,1,39.2,8.05
12,Kodiak,US,1553734159,39.95,-94.76,66.94,48,90,68.0,13.87
13,Smolensk,RU,1553734172,54.79,32.05,16.11,66,0,16.11,4.72
14,Batagay-Alyta,RU,1553734172,67.8,130.41,-3.65,47,0,-3.65,2.71
15,Halifax,CA,1553734132,44.65,-63.58,27.07,63,5,28.99,6.93
16,Afrikanda,RU,1553734173,67.44,32.78,27.67,77,44,27.67,7.07
17,Ipanguacu,BR,1553734173,-5.5,-36.85,74.7,97,76,74.7,4.5
18,Khatanga,RU,1553734173,71.98,102.47,16.87,79,48,16.87,12.77
19,Port Blair,IN,1553734174,11.67,92.75,84.82,97,32,84.82,6.73
20,Albany,US,1553733964,42.65,-73.75,35.49,18,1,42.8,5.82
21,Evensk,RU,1553734174,61.92,159.24,15.88,100,20,15.88,10.2
22,Tarn Taran,IN,1553732700,31.46,74.93,62.51,77,0,64.4,2.71
23,Hobart,AU,1553733915,-42.88,147.33,64.62,39,20,66.0,17.22
24,Glenwood Springs,US,1553734025,39.55,-107.33,55.87,20,1,66.2,6.93
25,Coquimbo,CL,1553731200,-29.95,-71.34,59.0,82,75,59.0,8.05
26,Port Hardy,CA,1553731200,50.7,-127.42,55.4,47,5,55.4,4.7
27,Alcacer do Sal,PT,1553733995,38.37,-8.51,56.48,41,0,60.01,8.05
28,Yar-Sale,RU,1553734176,66.83,70.83,13.5,75,44,13.5,5.39
29,Busselton,AU,1553734022,-33.64,115.35,61.29,51,80,64.0,10.98
30,Atuona,PF,1553734152,-9.8,-139.03,82.75,100,0,82.75,14.12
31,Kalabo,ZM,1553734177,-15.0,22.67,72.09,67,80,72.09,3.38
32,Punta Arenas,CL,1553733748,-53.16,-70.91,46.2,70,0,46.4,12.75
33,Pevek,RU,1553734177,69.7,170.27,11.65,93,88,11.65,21.39
34,Bukachacha,RU,1553734159,52.99,116.91,14.76,50,24,14.76,3.94
35,Oranjestad,AW,1553731200,12.52,-70.03,78.8,78,20,78.8,19.46
36,Mahebourg,MU,1553734145,-20.41,57.7,78.04,78,40,80.6,8.05
37,Bosobolo,CD,1553734178,4.19,19.88,73.3,84,36,73.3,4.94
38,Tuktoyaktuk,CA,1553731200,69.44,-133.03,28.4,92,90,28.4,19.46
39,Nuuk,GL,1553730600,64.17,-51.74,15.8,85,75,15.8,5.82
40,Port Alfred,ZA,1553734179,-33.59,26.89,69.3,85,0,69.3,9.98
41,Bambous Virieux,MU,1553734145,-20.34,57.76,78.13,78,40,80.6,8.05
42,Port Elizabeth,US,1553734127,39.31,-74.98,37.85,59,1,41.0,9.98
43,Bredasdorp,ZA,1553734055,-34.53,20.04,61.16,88,56,62.6,4.7
44,Honiara,SB,1553734180,-9.43,159.96,81.67,82,36,81.67,2.37
45,Kapit,MY,1553733936,2.02,112.94,72.4,96,92,72.4,1.59
46,Provideniya,RU,1553731200,64.42,-173.23,30.2,92,90,30.2,15.66
47,Nikolskoye,RU,1553733950,59.7,30.79,27.14,76,75,32.0,6.71
48,Esperance,TT,1553733998,10.24,-61.45,77.02,83,20,78.01,8.05
49,Sisimiut,GL,1553734181,66.94,-53.67,1.62,76,36,1.62,2.15
50,Bethel,US,1553734020,60.79,-161.76,37.4,74,40,37.4,8.05
51,Hasaki,JP,1553733576,35.73,140.83,54.21,71,75,55.4,12.75
52,Souillac,FR,1553734089,45.6,-0.6,44.22,65,0,46.4,10.29
53,Puerto Ayora,EC,1553733920,-0.74,-90.35,80.8,74,0,82.4,12.75
54,East London,ZA,1553734062,-33.02,27.91,74.79,99,0,74.79,9.08
55,Touros,BR,1553734184,-5.2,-35.46,78.07,100,64,78.07,2.93
56,Hithadhoo,MV,1553734184,-0.6,73.08,80.28,100,56,80.28,1.7
57,New Norfolk,AU,1553734155,-42.78,147.06,65.08,39,20,68.0,17.22
58,Kahului,US,1553734176,20.89,-156.47,76.28,48,40,82.4,14.99
59,Norman Wells,CA,1553731200,65.28,-126.83,39.2,80,90,39.2,12.75
60,Faanui,PF,1553734185,-16.48,-151.75,85.32,100,68,85.32,3.49
61,Severo-Kurilsk,RU,1553734173,50.68,156.12,29.88,97,92,29.88,28.43
62,Mar del Plata,AR,1553734186,-46.43,-67.52,59.67,58,0,59.67,3.83
63,Jhang,PK,1553734143,33.67,72.7,64.99,61,44,64.99,3.49
64,Hilo,US,1553734101,19.71,-155.08,73.71,57,75,78.8,9.17
65,Airai,TL,1553734186,-8.93,125.41,74.02,91,76,74.02,0.81
66,Ustka,PL,1553734187,54.58,16.86,41.49,94,92,41.49,9.86
67,Leningradskiy,RU,1553734176,69.38,178.42,22.32,97,76,22.32,9.19
68,Ancud,CL,1553731200,-41.87,-73.83,51.8,81,0,51.8,2.82
69,Rio Grande,BR,1553733987,-32.03,-52.1,68.67,84,8,68.67,15.23
70,Dalby,AU,1553731200,-27.18,151.26,69.8,73,90,69.8,18.34
71,Victoria,BN,1553731200,5.28,115.24,79.29,83,75,82.4,3.36
72,Tasiilaq,GL,1553730600,65.61,-37.64,21.2,62,24,21.2,14.99
73,Oranjemund,ZA,1553734189,-28.55,16.43,58.95,98,88,58.95,13.67
74,Yellowknife,CA,1553734087,62.45,-114.38,27.79,68,40,28.4,5.82
75,Xifeng,CN,1553734190,42.73,124.72,28.98,46,0,28.98,3.71
76,Naze,NG,1553731200,5.43,7.07,80.6,94,8,80.6,9.19
77,Bojnurd,IR,1553731200,37.47,57.33,35.6,93,0,35.6,2.24
78,Saint George,GR,1553733801,39.45,22.34,52.83,81,90,53.6,8.05
79,Nelson Bay,AU,1553733990,-32.72,152.14,76.86,57,20,80.01,4.7
80,Egvekinot,RU,1553733923,66.32,-179.17,21.28,85,80,21.28,8.19
81,Rikitea,PF,1553734191,-23.12,-134.97,74.79,100,100,74.79,6.62
82,Warora,IN,1553734192,20.23,79.0,68.85,46,0,68.85,5.28
83,Yaan,NG,1553734192,7.38,8.57,75.51,68,0,75.51,2.59
84,Orlik,RU,1553734192,52.51,99.83,3.55,86,48,3.55,1.92
85,Vila Velha,BR,1553734089,-3.71,-38.6,80.56,83,40,81.0,1.12
86,Maungaturoto,NZ,1553734018,-36.11,174.36,68.67,92,92,69.01,9.86
87,Taoudenni,ML,1553734193,22.68,-3.98,65.02,60,0,65.02,2.37
88,Qaanaaq,GL,1553734140,77.48,-69.36,-10.22,84,44,-10.22,9.19
89,Zhigansk,RU,1553734193,66.77,123.37,3.69,81,0,3.69,5.5
90,Madang,PG,1553734049,-5.21,145.81,74.47,100,92,74.47,4.83
91,Jamestown,AU,1553734047,-33.21,138.6,61.83,76,12,61.83,4.94
92,Vila Franca do Campo,PT,1553734105,37.72,-25.43,55.18,76,20,55.4,12.75
93,Clarksdale,US,1553733983,34.2,-90.57,57.63,38,1,59.0,3.15
94,Thinadhoo,MV,1553734195,0.53,72.93,82.3,100,8,82.3,2.37
95,Klaksvik,FO,1553732400,62.23,-6.59,46.4,93,76,46.4,10.29
96,Meulaboh,ID,1553734123,4.14,96.13,80.1,100,88,80.1,3.27
97,Bundaberg,AU,1553733930,-24.87,152.35,74.5,94,90,77.0,16.11
98,Luzhou,CN,1553734196,28.89,105.45,55.62,92,92,55.62,3.15
99,Lorengau,PG,1553733955,-2.02,147.27,80.23,100,56,80.23,6.4
100,Udachnyy,RU,1553734196,66.42,112.4,19.62,76,44,19.62,2.59
101,Carbonia,IT,1553732400,39.17,8.53,49.19,76,20,50.0,4.7
102,Ushuaia,AR,1553731200,-54.81,-68.31,46.4,79,20,46.4,25.28
103,Kambove,CD,1553734197,-10.88,26.6,66.15,85,12,66.15,4.94
104,Dudinka,RU,1553734173,69.41,86.18,31.0,93,88,31.0,21.16
105,Sobradinho,BR,1553734197,-29.41,-53.03,64.57,75,32,64.57,9.19
106,San Patricio,PY,1553734136,-26.98,-56.83,70.83,62,0,70.83,5.5
107,Kharp,RU,1553734198,66.82,65.8,16.87,74,8,16.87,6.06
108,Logrono,ES,1553734095,42.47,-2.45,41.34,70,0,42.8,12.75
109,Bathsheba,BB,1553731200,13.22,-59.52,78.8,74,40,78.8,13.87
110,Carnarvon,ZA,1553734199,-30.97,22.13,51.48,41,0,51.48,4.61
111,Lahaina,US,1553734176,20.87,-156.68,76.37,73,90,82.4,8.05
112,Grindavik,IS,1553733883,63.84,-22.43,31.73,100,75,33.01,23.04
113,Ola,RU,1553734199,59.58,151.3,17.64,100,0,17.64,14.45
114,Lakes Entrance,AU,1553734024,-37.88,147.99,68.14,54,24,72.0,3.94
115,Chokurdakh,RU,1553734200,70.62,147.9,-7.7,78,20,-7.7,10.65
116,Narsaq,GL,1553730600,60.91,-46.05,14.0,61,0,14.0,4.7
117,Jaisalmer,IN,1553734193,26.91,70.91,71.32,60,32,71.32,3.94
118,Hofn,IS,1553734201,64.25,-15.21,39.15,99,24,39.15,28.21
119,Luderitz,NA,1553734202,-26.65,15.16,60.7,90,0,60.7,10.76
120,Muros,ES,1553734149,42.77,-9.06,51.24,75,0,55.4,4.7
121,Port Keats,AU,1553734202,-14.25,129.55,82.3,89,0,82.3,11.99
122,Novouzensk,RU,1553734202,50.46,48.14,36.9,82,76,36.9,8.19
123,Garmsar,IR,1553734203,35.22,52.34,33.93,82,0,33.93,3.49
124,Aksay,RU,1553731200,47.27,39.86,37.4,86,40,37.4,13.42
125,Lar,IR,1553731200,27.66,54.32,53.6,93,0,53.6,3.15
126,Torbay,CA,1553733948,47.66,-52.73,17.37,61,40,21.0,4.7
127,Cape Town,ZA,1553733965,-33.93,18.42,60.73,93,0,64.99,4.7
128,Cherskiy,RU,1553734204,68.75,161.3,5.04,76,80,5.04,9.75
129,Sola,FI,1553734025,62.78,29.36,28.98,74,0,30.2,3.36
130,Kulhudhuffushi,MV,1553733942,6.62,73.07,83.83,100,0,83.83,5.17
131,Cabul-an,PH,1553731200,10.15,124.05,82.4,78,40,82.4,8.05
132,Ozu,JP,1553731200,33.51,132.54,60.8,67,75,60.8,3.36
133,Pueblo,US,1553733911,38.25,-104.61,69.66,15,1,78.8,11.41
134,Vaini,IN,1553731200,15.34,74.49,71.6,94,0,71.6,1.36
135,Alofi,NU,1553731200,-19.06,-169.92,86.0,79,75,86.0,5.82
136,Saint Marys,US,1553734204,41.43,-78.56,41.29,28,1,46.0,5.82
137,Hami,CN,1553734207,42.84,93.51,39.73,51,48,39.73,8.97
138,Cairns,AU,1553733919,-16.92,145.77,84.83,70,92,90.0,3.36
139,Benalla,AU,1553734054,-36.55,145.99,71.37,45,56,75.99,3.36
140,Maniitsoq,GL,1553734208,65.42,-52.9,8.95,83,20,8.95,9.42
141,Samarai,PG,1553734199,-10.62,150.67,83.79,98,0,83.79,7.07
142,Neiafu,TO,1553731200,-18.65,-173.98,82.4,83,75,82.4,6.93
143,Anadyr,RU,1553733748,64.73,177.51,20.08,85,75,21.2,13.42
144,Biak,ID,1553734209,-0.91,122.88,78.07,100,64,78.07,2.93
145,Bilma,NE,1553734209,18.69,12.92,61.83,34,8,61.83,2.71
146,Hailar,CN,1553733967,49.2,119.7,15.21,50,24,15.21,5.61
147,Iqaluit,CA,1553731200,63.75,-68.52,3.2,71,75,3.2,10.29
148,Balsas,BR,1553734210,-7.53,-46.04,72.85,94,68,72.85,1.7
149,Vestmannaeyjar,IS,1553734210,63.44,-20.27,38.7,88,92,38.7,21.94
150,Honningsvag,NO,1553734166,70.98,25.97,34.6,97,48,34.6,20.15
151,Sur,OM,1553734211,22.57,59.53,74.65,89,0,74.65,2.26
152,Broken Hill,AU,1553731200,-31.97,141.45,71.6,24,0,71.6,6.93
153,Kyaikkami,MM,1553734211,16.08,97.57,74.16,99,88,74.16,2.26
154,Port Augusta,AU,1553733776,-32.49,137.76,75.11,33,8,75.2,10.29
155,Zhangye,CN,1553734142,38.94,100.46,25.92,72,0,25.92,3.38
156,Nizwa,OM,1553734212,22.93,57.53,57.87,64,0,57.87,2.04
157,Guerrero Negro,MX,1553734212,27.97,-114.04,65.52,61,76,65.52,13.33
158,Illapel,CL,1553734213,-31.63,-71.17,58.68,91,0,58.68,2.37
159,La Ronge,CA,1553731200,55.1,-105.3,32.0,59,40,32.0,19.46
160,Bahile,PH,1553731200,10.0,118.79,82.4,78,90,82.4,11.41
161,Kupang,ID,1553731200,-10.16,123.6,82.4,83,40,82.4,2.24
162,Dickinson,US,1553733911,46.88,-102.79,42.24,60,90,43.0,9.17
163,Bull Savanna,JM,1553734214,17.89,-77.59,70.11,94,56,70.11,2.15
164,Chiman,PK,1553734214,32.55,73.81,64.35,86,8,64.35,3.71
165,Butaritari,KI,1553734215,3.07,172.79,84.78,98,36,84.78,19.48
166,Noumea,NC,1553733000,-22.28,166.46,87.8,48,0,87.8,5.82
167,Gat,SN,1553731200,14.69,-16.54,68.0,77,20,68.0,17.22
168,Camocim,BR,1553734215,-2.9,-40.84,78.97,88,88,78.97,6.17
169,Ukiah,US,1553734093,39.15,-123.21,53.01,50,40,57.99,9.17
170,Cabo San Lucas,MX,1553734072,22.89,-109.91,78.37,24,40,84.0,9.17
171,Lompoc,US,1553734131,34.64,-120.46,62.47,77,75,64.99,8.05
172,Rawson,AR,1553734216,-43.3,-65.11,72.0,40,0,72.0,19.37
173,Bahia Blanca,AR,1553734000,-38.72,-62.27,68.08,61,0,68.08,15.79
174,Pangnirtung,CA,1553734217,66.15,-65.72,-3.88,88,24,-3.88,2.15
175,Constitucion,MX,1553734216,23.99,-104.67,78.08,10,75,80.6,3.36
176,Katsuura,JP,1553733271,33.93,134.5,59.13,72,75,61.0,13.87
177,Obregon,US,1553734204,32.86,-114.79,81.79,12,1,82.99,4.7
178,Yulara,AU,1553731200,-25.24,130.99,75.2,22,0,75.2,11.41
179,Arraial do Cabo,BR,1553731200,-22.97,-42.02,78.8,69,40,78.8,8.05
180,Namibe,AO,1553734218,-15.19,12.15,78.39,98,0,78.39,10.42
181,Shahrud,IR,1553734219,36.42,54.97,26.05,76,0,26.05,2.37
182,Nizhniy Kuranakh,RU,1553734219,58.84,125.49,8.91,67,48,8.91,3.49
183,Kuusamo,FI,1553732400,65.96,29.19,17.6,100,12,17.6,3.36
184,Ribeira Grande,PT,1553734146,38.52,-28.7,58.59,100,32,58.59,13.33
185,Puerto Rico,PY,1553734220,-26.82,-55.03,70.87,69,24,70.87,5.17
186,Hermanus,ZA,1553734055,-34.42,19.24,61.12,97,80,62.01,2.48
187,Flinders,AU,1553734146,-34.58,150.85,74.07,60,0,78.01,3.36
188,Pokhara,NP,1553734221,28.21,83.99,51.03,50,0,51.03,4.16
189,Kamenka,RU,1553732629,53.19,44.05,35.01,85,0,35.01,9.64
190,Matamba,CD,1553734222,-5.95,22.27,72.09,91,8,72.09,2.15
191,Avarua,CK,1553733000,-21.21,-159.78,84.2,79,20,84.2,10.29
192,Sao Joao da Barra,BR,1553734222,-21.64,-41.05,80.73,98,92,80.73,14.9
193,Sovetskaya,RU,1553733964,44.78,41.17,35.01,9,80,35.01,8.01
194,Takoradi,GH,1553734208,4.89,-1.75,81.4,100,32,81.4,6.17
195,Harper,US,1553734159,30.3,-99.24,68.25,60,90,69.8,10.29
196,Rosarito,CO,1553731200,4.91,-75.23,77.02,100,75,78.8,1.25
197,Saint-Georges,CA,1553734024,46.12,-70.67,29.01,48,0,30.0,4.94
198,Cidreira,BR,1553734224,-30.17,-50.22,69.88,75,36,69.88,12.88
199,Dobele,LV,1553732400,56.63,23.28,35.6,84,90,35.6,2.24
200,Sabang,PH,1553734224,13.72,123.58,80.1,88,64,80.1,8.08
201,Spalding,GB,1553734205,52.79,-0.15,42.51,80,0,48.0,6.93
202,Zeya,RU,1553734225,53.74,127.27,12.96,50,0,12.96,3.38
203,Pouembout,NC,1553734225,-21.12,164.9,82.98,60,36,82.98,7.74
204,Aklavik,CA,1553731200,68.22,-135.01,33.8,74,75,33.8,10.29
205,Kruisfontein,ZA,1553734226,-34.0,24.73,64.35,70,8,64.35,15.01
206,Iquitos,PE,1553731200,-3.75,-73.25,75.2,94,75,75.2,4.7
207,Tual,ID,1553734226,-5.67,132.75,82.93,100,76,82.93,14.34
208,Kenai,US,1553734024,60.55,-151.26,45.27,56,75,46.4,4.7
209,Pitimbu,BR,1553734227,-7.47,-34.81,80.64,100,56,80.64,6.96
210,Hlatikulu,SZ,1553734227,-26.97,31.33,61.83,98,92,61.83,2.59
211,Saint-Francois,FR,1553733987,46.42,3.91,37.38,70,0,39.2,8.05
212,Atasu,KZ,1553734228,48.68,71.64,40.95,81,92,40.95,17.81
213,Deogarh,IN,1553734228,21.53,84.72,62.19,73,0,62.19,3.6
214,Talnakh,RU,1553734228,69.49,88.39,29.38,92,88,29.38,18.48
215,Necochea,AR,1553733678,-38.55,-58.74,59.0,78,0,59.0,3.0
216,Gazli,UZ,1553734229,40.13,63.45,48.78,88,56,48.78,3.38
217,Quatre Cocos,MU,1553734145,-20.21,57.76,78.3,78,40,80.6,8.05
218,Nayoro,JP,1553734229,44.36,142.46,29.61,64,76,29.61,6.17
219,College,US,1553734034,64.86,-147.8,40.42,69,75,44.01,3.83
220,Comodoro Rivadavia,AR,1553731200,-45.87,-67.48,71.6,46,0,71.6,3.36
221,Kirakira,SB,1553734230,-10.46,161.92,84.55,99,56,84.55,6.62
222,Ostersund,SE,1553733711,63.18,14.64,33.94,69,88,35.6,12.75
223,Concepcion del Uruguay,AR,1553734115,-32.48,-58.24,65.92,60,8,65.92,10.76
224,Betare Oya,CM,1553734231,5.6,14.08,72.36,73,12,72.36,3.71
225,Castro,CL,1553731200,-42.48,-73.76,51.8,81,0,51.8,2.48
226,Tamiahua,MX,1553734232,21.28,-97.45,74.02,88,0,74.02,11.21
227,Ulladulla,AU,1553733915,-35.36,150.48,69.6,60,0,73.0,3.36
228,Vodstroy,RU,1553731200,48.84,44.56,35.6,100,75,35.6,4.47
229,Saldanha,PT,1553734168,41.42,-6.55,48.73,30,0,48.73,11.65
230,Nome,US,1553734019,30.04,-94.42,64.04,52,1,66.99,8.05
231,Wagar,US,1553734059,31.44,-87.99,61.97,63,0,64.0,2.71
232,Tilichiki,RU,1553734233,60.47,166.1,17.82,89,0,17.82,4.05
233,Sharya,RU,1553734234,58.37,45.52,23.31,86,80,23.31,2.59
234,Coxim,BR,1553734234,-18.5,-54.75,85.32,52,76,85.32,9.53
235,Vardo,US,1553733952,39.62,-77.74,42.76,35,1,46.99,4.7
236,Iglesias,ES,1553734098,42.3,-3.99,37.67,64,0,42.01,11.41
237,Dingle,PH,1553734158,11.0,122.67,78.43,87,48,78.43,10.31
238,Dikson,RU,1553733969,73.51,80.55,24.43,96,80,24.43,44.43
239,Aksu,KZ,1553731200,52.04,76.93,23.0,100,90,23.0,4.47
240,Fukuma,JP,1553734206,33.77,130.47,61.43,67,75,62.6,8.05
241,Saskylakh,RU,1553734236,71.97,114.09,15.07,69,0,15.07,8.19
242,Tazmalt,DZ,1553733887,36.39,4.4,49.08,93,20,50.0,6.93
243,Kudahuvadhoo,MV,1553734236,2.67,72.89,83.79,100,76,83.79,7.96
244,Jinchang,CN,1553734190,38.52,102.19,26.1,75,0,26.1,7.74
245,Sitka,US,1553733963,37.17,-99.65,72.0,58,0,72.0,15.01
246,Keetmanshoop,NA,1553731200,-26.57,18.15,77.0,14,0,77.0,6.93
247,Praia,BR,1553731200,-20.25,-43.81,72.45,64,0,73.4,5.82
248,Kankaanpaa,FI,1553734214,61.8,22.42,29.75,77,0,32.0,3.36
249,Never,RU,1553734238,53.98,124.16,14.08,48,8,14.08,5.5
250,Havoysund,NO,1553732400,71.0,24.66,35.6,69,92,35.6,26.4
251,Byron Bay,AU,1553733944,-28.65,153.62,75.33,73,90,77.0,5.82
252,Guadalajara,ES,1553734209,40.63,-3.16,49.37,31,0,52.0,5.82
253,Pavlogradka,RU,1553734239,54.2,73.56,13.72,63,0,13.72,3.15
254,Kununurra,AU,1553732580,-15.77,128.74,91.4,33,0,91.4,18.34
255,Shenjiamen,CN,1553734126,29.96,122.3,56.88,96,48,56.88,11.21
256,Beyneu,KZ,1553734066,45.32,55.19,39.96,98,92,39.96,6.06
257,Vao,EE,1553734240,59.1,26.19,26.19,91,36,26.19,7.52
258,Kargil,PK,1553734240,34.56,76.13,14.4,89,88,14.4,1.36
259,Timaru,NZ,1553734064,-44.39,171.25,62.01,78,56,62.01,7.0
260,Eyrarbakki,IS,1553733907,63.86,-21.15,31.41,86,75,33.01,27.51
261,Mariinsk,RU,1553734241,56.21,87.75,29.34,94,88,29.34,7.74
262,Temyasovo,RU,1553731200,52.99,58.1,17.6,92,90,17.6,4.47
263,Santa Maria,BR,1553731200,-29.69,-53.81,66.2,82,40,66.2,8.05
264,Port Hedland,AU,1553731200,-20.31,118.58,82.4,83,0,82.4,9.17
265,Igarka,RU,1553734242,67.47,86.57,30.82,94,88,30.82,15.79
266,Auki,NG,1553734242,12.18,6.51,70.47,45,8,70.47,3.71
267,Mayumba,GA,1553734243,-3.44,10.65,81.36,95,88,81.36,5.61
268,Adre,TD,1553734243,13.47,22.2,74.2,20,0,74.2,13.78
269,Hay River,CA,1553731200,60.82,-115.79,39.2,55,40,39.2,6.93
270,Atar,MR,1553734244,20.52,-13.05,57.24,42,0,57.24,3.15
271,Olinda,EC,1553734211,-2.03,-79.75,78.64,83,75,80.6,4.7
272,Shitkino,RU,1553734244,56.37,98.35,10.57,64,0,10.57,2.26
273,Omboue,GA,1553734119,-1.57,9.26,84.42,99,64,84.42,7.96
274,Xuddur,SO,1553734245,4.12,43.89,74.65,65,8,74.65,8.41
275,Sioux Lookout,CA,1553732400,50.1,-91.92,36.43,86,90,37.4,18.34
276,Tarauaca,BR,1553734169,-8.16,-70.77,75.28,88,76,75.28,5.73
277,Chicla,PE,1553734246,-11.71,-76.27,40.68,94,88,40.68,0.92
278,Paracuru,BR,1553734089,-3.41,-39.03,80.58,83,40,81.0,1.12
279,Nanzhang,CN,1553734246,31.78,111.84,57.96,65,48,57.96,1.92
280,Mayo,CA,1553731200,63.59,-135.9,48.2,36,90,48.2,3.71
281,Nsanje,MZ,1553734247,-16.92,35.26,70.56,99,80,70.56,4.61
282,Shingu,JP,1553731200,33.72,135.99,60.8,51,75,60.8,1.12
283,Moramanga,MG,1553734247,-18.95,48.23,65.79,100,80,65.79,2.26
284,Kyenjojo,UG,1553734247,0.61,30.64,62.91,92,36,62.91,2.04
285,Beringovskiy,RU,1553734248,63.05,179.32,29.88,100,88,29.88,4.38
286,Morrope,PE,1553731200,-6.54,-80.02,66.2,29,0,66.2,14.99
287,Lebu,ET,1553731200,8.96,38.73,59.0,72,36,59.0,2.24
288,Livingston,US,1553733994,32.58,-88.19,64.85,71,1,69.8,2.59
289,Nantucket,US,1553734200,41.28,-70.1,31.1,63,1,35.01,4.7
290,Khurba,RU,1553734249,50.41,136.89,19.17,66,56,19.17,7.85
291,Stabat,ID,1553731200,3.76,98.46,73.15,100,40,73.4,4.7
292,Tecoanapa,MX,1553730540,16.99,-99.26,84.2,70,5,84.2,8.05
293,Cayenne,GF,1553731200,4.94,-52.33,80.6,78,90,80.6,5.82
294,Harboore,DK,1553734205,56.62,8.18,45.34,93,92,46.4,13.87
295,Dulce Nombre de Culmi,HN,1553734251,15.08,-85.56,71.05,57,20,71.05,4.5
296,Samana,EC,1553731200,0.12,-76.97,78.8,88,90,78.8,2.24
297,Pudozh,RU,1553734251,61.81,36.54,18.09,89,36,18.09,4.72
298,Trairi,BR,1553734252,-3.28,-39.27,80.82,100,80,80.82,6.96
299,Kaeo,NZ,1553733485,-35.1,173.78,71.01,79,92,71.01,5.01
300,Lebedinyy,RU,1553734252,58.52,125.52,8.91,67,48,8.91,3.49
301,Springbok,ZA,1553734252,-29.67,17.88,47.97,74,0,47.97,2.59
302,Palauig,PH,1553734253,15.44,119.9,79.83,80,12,79.83,3.71
303,Riyadh,SA,1553731200,24.63,46.72,66.2,29,0,66.2,9.17
304,Astoria,US,1553734004,46.19,-123.83,48.0,87,90,48.99,8.05
305,Murfreesboro,US,1553734223,35.85,-86.39,58.62,39,1,62.6,4.7
306,Grand Baie,MU,1553734145,-20.02,57.58,78.57,78,40,80.6,8.05
307,Yumen,CN,1553734254,40.29,97.04,25.47,66,32,25.47,5.73
308,Deputatskiy,RU,1553734094,69.3,139.9,-2.98,69,0,-2.98,3.6
309,Suraabad,AZ,1553731200,40.82,49.47,35.6,100,40,35.6,3.71
310,Kortkeros,RU,1553731200,61.81,51.56,30.2,92,40,30.2,4.47
311,Issia,CI,1553734255,6.49,-6.58,76.05,88,56,76.05,2.59
312,Longyearbyen,NO,1553730600,78.22,15.63,21.2,67,40,21.2,27.51
313,Banda Aceh,ID,1553734255,5.56,95.32,74.97,99,12,74.97,2.59
314,Marienburg,DE,1553734115,52.12,9.98,46.33,93,75,48.2,6.93
315,Hobyo,SO,1553734155,5.35,48.53,78.39,93,48,78.39,9.19
316,Yichun,CN,1553734256,47.72,128.88,19.53,38,0,19.53,3.38
317,Wadi Musa,JO,1553734256,30.32,35.48,41.4,86,0,41.4,1.59
318,Nouadhibou,MR,1553731200,20.93,-17.03,66.2,82,20,66.2,10.29
319,Houma,CN,1553734257,35.63,111.36,50.76,53,80,50.76,2.48
320,Strezhevoy,RU,1553731200,60.73,77.6,24.8,85,0,24.8,6.71
321,Upernavik,GL,1553734258,72.79,-56.15,3.87,100,56,3.87,4.61
322,Puerto Escondido,MX,1553730300,15.86,-97.07,87.8,40,5,87.8,9.17
323,Ketchikan,US,1553730960,55.34,-131.65,54.82,54,1,57.2,17.22
324,Trincomalee,LK,1553734258,8.58,81.23,73.98,89,32,73.98,5.5
325,Jalu,LY,1553734259,29.03,21.55,66.55,33,68,66.55,12.21
326,Kijang,KR,1553731200,35.24,129.21,57.2,62,40,57.2,9.17
327,Alihe,CN,1553734215,50.57,123.73,18.22,48,0,18.22,4.38
328,Mpophomeni,ZA,1553734249,-29.57,30.18,64.58,95,0,66.0,2.59
329,Barber,US,1553734230,39.71,-121.84,56.48,72,75,62.6,17.22
330,Gabu,CN,1553734260,34.78,103.0,21.24,34,0,21.24,9.31
331,Hamilton,CA,1553734042,43.26,-79.87,37.69,35,75,42.01,4.7
332,Kaa-Khem,RU,1553734261,51.7,94.56,23.58,81,80,23.58,4.16
333,Kutum,SD,1553734196,14.2,24.66,63.13,18,0,63.13,10.87
334,Kysyl-Syr,RU,1553734262,63.9,122.77,3.78,71,0,3.78,5.95
335,Tucurui,BR,1553734262,-3.77,-49.67,75.24,95,24,75.24,2.15
336,Saint-Leu,RE,1553733935,-21.15,55.28,72.64,65,0,78.8,8.05
337,Chake Chake,TZ,1553734263,-5.25,39.77,81.72,100,80,81.72,2.26
338,Platteville,US,1553734063,42.73,-90.48,56.39,58,90,60.01,9.17
339,Viedma,AR,1553734263,-40.81,-62.99,67.9,42,8,67.9,14.67
340,Nefteyugansk,RU,1553731200,61.09,72.61,28.4,92,0,28.4,6.71
341,Ponta do Sol,BR,1553734171,-20.63,-46.0,76.27,57,92,76.27,4.27
342,Clyde River,CA,1553731200,70.47,-68.59,-5.81,83,90,-5.81,3.27
343,Kavieng,PG,1553734147,-2.57,150.8,85.23,97,8,85.23,8.86
344,Tiksi,RU,1553734264,71.64,128.87,1.57,69,8,1.57,4.83
345,High Level,CA,1553731200,58.52,-117.13,44.6,36,20,44.6,4.7
346,Vattalkundu,IN,1553731200,10.17,77.77,77.0,69,20,77.0,2.15
347,Manyana,AU,1553734025,-35.26,150.51,71.76,60,0,75.99,3.36
348,Tongliao,CN,1553733977,43.61,122.27,30.51,39,0,30.51,8.41
349,Troitsko-Pechorsk,RU,1553734266,62.71,56.19,29.61,92,8,29.61,5.61
350,Kawalu,ID,1553734266,-7.38,108.21,68.8,97,68,68.8,1.7
351,Mokhsogollokh,RU,1553734266,61.4,128.95,5.85,64,8,5.85,3.6
352,Miles City,US,1553734090,46.41,-105.84,45.75,57,90,48.2,13.87
353,Shelbyville,US,1553734108,39.41,-88.79,53.56,65,1,55.99,6.93
354,Mehamn,NO,1553734267,71.03,27.85,33.93,92,88,33.93,17.58
355,Marawi,PH,1553734032,8.0,124.29,80.01,85,36,80.01,3.0
356,Pahrump,US,1553733985,36.21,-115.98,72.27,11,1,75.2,24.16
357,Nyurba,RU,1553734268,63.29,118.35,8.91,77,56,8.91,3.49
358,Peleduy,RU,1553734268,59.63,112.75,20.43,86,88,20.43,3.15
359,Bilgoraj,PL,1553734044,50.54,22.72,37.24,69,0,37.99,10.29
360,North Bend,US,1553734222,43.41,-124.22,56.43,54,75,59.0,17.22
361,Launceston,AU,1553733964,-41.43,147.14,63.57,63,40,64.99,19.46
362,Waingapu,ID,1553734044,-9.65,120.26,77.85,91,76,77.85,3.94
363,Mujiayingzi,CN,1553734163,42.12,118.78,28.3,56,20,28.3,3.83
364,Salalah,OM,1553730600,17.01,54.1,77.0,69,20,77.0,3.36
365,Concepcion del Oro,MX,1553734210,24.63,-101.42,74.47,23,64,74.47,4.72
366,Bertoua,CM,1553734270,4.58,13.68,72.27,80,8,72.27,3.15
367,Constantine,DZ,1553731200,36.36,6.61,41.0,93,40,41.0,6.93
368,Dukat,RS,1553734271,42.44,22.31,32.35,56,76,32.35,2.59
369,Kogon,UZ,1553731200,39.73,64.54,53.6,87,90,53.6,4.7
370,Half Moon Bay,US,1553734264,37.46,-122.43,58.69,76,1,62.01,6.93
371,Jizan,SA,1553731200,16.89,42.56,80.6,61,0,80.6,3.36
372,Latung,ID,1553734272,-8.45,120.42,75.28,94,44,75.28,2.93
373,Kachiry,KZ,1553734272,53.07,76.1,13.32,59,0,13.32,5.28
374,Guilin,CN,1553731200,25.28,110.29,66.2,100,90,66.2,2.24
375,Codrington,AU,1553734255,-28.95,153.24,75.34,73,90,77.0,5.82
376,Ambon,FR,1553734217,47.55,-2.56,42.44,86,0,44.6,6.93
377,Puksoozero,RU,1553734273,62.59,40.61,23.49,82,68,23.49,4.61
378,Namatanai,PG,1553734232,-3.66,152.44,83.52,97,24,83.52,10.87
379,Antalaha,MG,1553734274,-14.9,50.28,77.31,99,68,77.31,2.82
380,Orito,CO,1553734274,0.67,-76.88,71.91,96,88,71.91,1.81
381,Yenagoa,NG,1553734275,4.92,6.26,78.66,88,20,78.66,7.07
382,Cartagena,ES,1553733925,37.63,-1.0,46.06,81,0,48.2,6.93
383,Spring Valley,US,1553734266,41.11,-74.04,37.29,48,5,39.99,5.82
384,Pryozerne,UA,1553731200,49.42,24.47,32.0,81,0,32.0,2.24
385,Grants,US,1553733300,35.15,-107.85,68.0,8,1,68.0,14.99
386,Puro,PH,1553734276,13.13,123.76,76.32,99,80,76.32,3.71
387,Unity,CA,1553734121,52.44,-109.15,36.0,78,8,36.0,4.0
388,Pisco,PE,1553731200,-13.71,-76.2,73.4,73,75,73.4,16.11
389,North Bay,CA,1553734216,46.31,-79.46,36.0,59,90,39.0,16.11
390,Sept-Iles,CA,1553733975,50.2,-66.38,19.47,73,75,19.99,6.93
391,Yarega,RU,1553734278,63.43,53.58,32.04,96,88,32.04,3.94
392,Saint-Pierre,FR,1553734024,48.95,4.24,35.94,80,0,39.2,8.05
393,Belle Fourche,US,1553734207,44.67,-103.85,47.43,42,1,52.0,4.7
394,Grand-Santi,GF,1553734279,4.27,-54.38,78.3,84,68,78.3,3.15
395,Nalobikha,RU,1553734279,53.2,84.6,27.4,92,76,27.4,3.94
396,Espanola,CA,1553734023,46.27,-81.77,37.0,55,68,37.0,8.01
397,Keelung,TW,1553734003,25.13,121.74,78.06,78,20,84.0,6.93
398,Hit,IQ,1553734280,33.64,42.83,47.65,95,48,47.65,7.96
399,Carutapera,BR,1553734184,-1.2,-46.02,78.25,94,80,78.25,5.95
400,Chuy,UY,1553734280,-33.69,-53.46,62.19,85,0,62.19,10.2
401,Sinnamary,GF,1553734280,5.38,-52.96,80.55,92,76,80.55,12.44
402,Kanadey,RU,1553734281,53.17,47.53,32.08,97,92,32.08,3.15
403,Sorland,NO,1553730600,67.67,12.69,41.0,80,75,41.0,16.11
404,Pokrovsk,UA,1553734281,48.28,37.18,32.67,99,88,32.67,7.74
405,Isangel,VU,1553731200,-19.55,169.27,86.0,66,75,86.0,11.41
406,Soanierana Ivongo,MG,1553734282,-16.92,49.59,75.96,100,92,75.96,9.53
407,Husavik,CA,1553734231,50.56,-96.99,38.46,82,0,39.0,8.01
408,Shirakawa,JP,1553733902,37.12,140.24,40.48,60,75,42.01,10.29
409,Ust-Kuyga,RU,1553734219,70.0,135.55,-2.48,71,20,-2.48,3.83
410,Lake Havasu City,US,1553734097,34.47,-114.34,79.9,9,1,82.4,3.36
411,Datong,CN,1553734283,40.09,113.3,31.68,67,76,31.68,5.95
412,Uvira,CD,1553734284,-3.41,29.14,59.76,100,0,59.76,2.04
413,Ribas do Rio Pardo,BR,1553734284,-20.45,-53.76,83.02,44,68,83.02,8.75
414,Dauphin,CA,1553731200,51.15,-100.04,41.0,75,75,41.0,17.22
415,Lloydminster,CA,1553731200,53.28,-110.01,37.4,55,40,37.4,12.75
416,Port Macquarie,AU,1553731200,-31.43,152.91,73.4,56,88,73.4,4.7
417,Port-Gentil,GA,1553734285,-0.72,8.78,83.61,94,32,83.61,8.97
418,Baoding,CN,1553734285,38.86,115.49,42.12,51,20,42.12,6.29
419,Ponta Delgada,PT,1553734281,37.73,-25.67,55.18,76,20,55.4,12.75
420,Tarko-Sale,RU,1553734286,64.92,77.78,26.55,90,12,26.55,8.75
421,Buala,SB,1553734286,-8.15,159.59,85.86,80,92,85.86,2.04
422,Berga,ES,1553734236,42.1,1.85,39.45,87,0,45.0,6.93
423,Kushiro,JP,1553731200,43.11,144.15,35.6,47,40,35.6,6.93
424,Les Escoumins,CA,1553734287,48.35,-69.4,29.65,66,8,29.65,6.62
425,Praxedis Guerrero,MX,1553734053,31.37,-106.02,81.0,13,20,84.2,5.82
426,Markala,ML,1553734288,13.69,-6.07,82.08,66,0,82.08,2.93
427,Valparaiso,US,1553734163,41.47,-87.06,50.52,45,1,54.0,6.93
428,Nanning,CN,1553731200,22.83,108.3,71.6,94,90,71.6,4.47
429,Kurbnesh,AL,1553732400,41.77,20.09,51.8,46,40,51.8,5.82
430,Geraldton,CA,1553731200,49.72,-86.95,35.6,93,90,35.6,13.87
431,Ahipara,NZ,1553734290,-35.17,173.16,70.15,83,92,70.15,8.97
432,Sinjai,ID,1553734039,-5.12,120.25,76.41,99,64,76.41,2.37
433,Clarence Town,AU,1553734237,-32.59,151.78,76.6,57,20,80.01,4.7
434,Roald,NO,1553734204,62.58,6.12,46.04,87,80,50.0,19.46
435,Esso,RU,1553734291,55.93,158.7,15.7,82,8,15.7,2.59
436,Road Town,VG,1553734104,18.42,-64.62,77.41,74,20,80.6,5.82
437,Wanaka,NZ,1553733999,-44.7,169.14,55.08,54,0,55.08,2.59
438,Mount Gambier,AU,1553731200,-37.83,140.78,64.4,68,8,64.4,6.93
439,Georgetown,GY,1553731200,6.8,-58.16,78.66,83,40,80.6,11.41
440,Sistranda,NO,1553734164,63.73,8.83,45.21,93,75,46.0,18.34
441,Fort-Shevchenko,KZ,1553734292,44.51,50.26,40.86,100,44,40.86,8.97
442,Mantua,IT,1553734147,45.16,10.79,43.81,52,0,46.99,6.93
443,Huarmey,PE,1553734220,-10.07,-78.15,69.48,80,32,69.48,3.15
444,Winnemucca,US,1553733968,40.97,-117.74,51.33,50,40,59.0,17.22
445,Raton,US,1553733986,36.9,-104.44,67.57,15,1,73.4,12.75
446,Camacha,PT,1553733000,33.08,-16.33,61.59,82,40,62.6,5.82
447,Swan River,CA,1553734294,52.11,-101.27,37.8,83,48,37.8,8.86
448,Olsztyn,PL,1553734294,53.78,20.48,40.23,97,92,40.23,7.4
449,Whitehorse,CA,1553733959,60.72,-135.06,49.24,29,20,50.0,6.93
450,Buzdyak,RU,1553734295,54.57,54.53,26.95,83,20,26.95,6.51
451,Lerwick,GB,1553732400,60.15,-1.15,48.2,93,88,48.2,26.4
452,Oistins,BB,1553731200,13.07,-59.53,78.8,74,40,78.8,13.87
453,Nanortalik,GL,1553734296,60.14,-45.24,23.8,100,8,23.8,24.07
454,Sao Filipe,CV,1553734296,14.9,-24.5,69.66,99,0,69.66,11.43
455,Alzamay,RU,1553734296,55.55,98.67,15.7,76,0,15.7,3.71
456,San Cristobal,EC,1553733951,-0.39,-78.55,56.66,87,75,60.8,10.29
457,Akdepe,TM,1553731200,42.05,59.39,45.48,93,90,46.4,11.41
458,Chaozhou,CN,1553731200,23.66,116.62,71.6,100,20,71.6,2.24
459,Galesong,ID,1553731200,-5.32,119.37,77.0,94,40,77.0,1.12
460,Hovd,NO,1553734202,63.83,10.7,42.28,93,75,46.0,11.41
461,Metro,ID,1553734298,-5.11,105.31,77.49,99,44,77.49,3.6
462,Ciudad Bolivar,VE,1553734207,8.12,-63.55,90.72,29,0,90.72,12.66
463,Saint-Augustin,FR,1553734270,44.83,-0.61,45.97,65,0,46.99,8.05
464,Trelew,AR,1553734138,-43.25,-65.31,72.0,40,0,72.0,19.37
465,Olimpia,IT,1553734267,44.99,8.54,43.11,37,0,51.8,3.36
466,Izhma,RU,1553734299,65.01,53.91,25.33,89,64,25.33,2.48
467,Dabakala,CI,1553734300,8.36,-4.43,73.53,94,64,73.53,4.61
468,Atbasar,KZ,1553734300,51.81,68.36,25.78,86,20,25.78,16.02
469,Rioja,PE,1553734300,-6.06,-77.17,66.42,94,32,66.42,2.15
470,Bongandanga,CD,1553734300,1.51,21.07,76.86,90,44,76.86,2.82
471,Iberia,PE,1553734301,-11.41,-69.49,77.04,82,92,77.04,3.6
472,Elliot Lake,CA,1553731200,46.37,-82.65,37.4,69,90,37.4,21.92
473,Buraydah,SA,1553731200,26.33,43.97,59.0,47,0,59.0,12.75
474,Plettenberg Bay,ZA,1553734302,-34.05,23.37,67.0,89,20,67.0,14.79
475,Dano,BF,1553734302,11.14,-3.06,81.4,59,20,81.4,5.95
476,Santo Domingo,DO,1553733810,18.48,-69.94,80.55,74,40,81.0,4.7
477,Agirish,RU,1553734303,61.92,63.02,20.65,76,8,20.65,3.71
478,Saint Simons,US,1553734082,31.14,-81.39,57.87,58,1,60.01,9.17
479,Carauari,BR,1553734304,-4.88,-66.9,80.77,88,12,80.77,2.48
480,Coihueco,CL,1553731200,-36.63,-71.83,59.0,77,0,59.0,8.05
481,Sale,GB,1553734268,53.42,-2.32,38.66,93,0,43.0,3.36
482,Bodden Town,KY,1553733004,19.28,-81.25,78.24,78,20,78.8,10.29
483,Hare Bay,CA,1553733994,48.86,-53.99,14.9,47,5,15.8,2.24
484,Northam,GB,1553734276,51.04,-4.21,40.59,100,90,43.0,5.82
485,Karratha,AU,1553734112,-20.74,116.85,75.69,96,0,75.69,7.29
486,La Rioja,AR,1553734215,-29.41,-66.86,63.63,80,88,63.63,2.15
487,Havre-Saint-Pierre,CA,1553731200,50.23,-63.6,21.2,67,90,21.2,2.24
488,Jinxiang,CN,1553734306,35.07,116.31,51.93,47,68,51.93,18.03
489,Ulaanbaatar,MN,1553733000,47.92,106.92,12.2,47,40,12.2,2.71
490,Lata,IN,1553734307,30.78,78.62,46.12,68,0,46.12,2.59
491,Ewa Beach,US,1553734240,21.32,-158.01,79.29,61,75,80.6,8.05
492,Pulivendla,IN,1553734307,14.42,78.23,69.43,59,0,69.43,2.59
493,Abu Zabad,SD,1553734308,12.35,29.25,69.03,16,0,69.03,12.1
494,Rosetta,EG,1553734308,31.4,30.42,45.99,91,0,45.99,2.93
495,Talcahuano,CL,1553731200,-36.72,-73.12,55.4,93,90,55.4,4.7
496,Panaba,MX,1553734309,21.28,-88.27,77.67,38,0,77.67,9.42
497,Port Lincoln,AU,1553734309,-34.72,135.86,66.42,86,0,66.42,7.96
498,Bulgan,MN,1553734309,48.81,103.53,19.71,46,56,19.71,8.08
499,Kovdor,RU,1553734310,67.56,30.47,27.45,77,8,27.45,8.41
500,Pingliang,CN,1553734310,35.54,106.68,37.12,70,0,37.12,7.85
501,The Pas,CA,1553731200,53.82,-101.24,32.0,84,75,32.0,17.22
502,Matay,EG,1553734311,28.42,30.79,48.87,66,0,48.87,0.81
503,Labuhan,ID,1553734311,-2.54,115.51,77.8,87,24,77.8,2.93
504,Haines Junction,CA,1553734189,60.75,-137.51,41.17,42,0,41.17,2.71
505,Torbat-e Jam,IR,1553734311,35.24,60.63,42.57,89,12,42.57,2.59
506,Qaqortoq,GL,1553730600,60.72,-46.03,14.0,61,12,14.0,4.7
507,Nhulunbuy,AU,1553731200,-12.18,136.78,86.0,74,75,86.0,8.05
508,Gilgit,PK,1553734312,35.92,74.31,28.48,94,92,28.48,0.36
509,Mareeba,AU,1553734064,-16.99,145.42,86.29,70,92,90.0,3.36
510,Amod,IN,1553731200,21.99,72.87,73.4,43,8,73.4,2.82
511,Kyabe,TD,1553734313,9.45,18.94,83.43,56,12,83.43,9.31
512,Zheleznodorozhnyy,RU,1553733234,55.75,38.0,28.72,79,40,30.0,8.95
513,Calbuco,CL,1553731200,-41.77,-73.13,57.2,76,0,57.2,4.7
514,Sechura,PE,1553734217,-5.56,-80.82,76.41,74,20,76.41,10.76
515,Darnah,LY,1553734314,32.77,22.64,60.7,99,80,60.7,16.8
516,Ihosy,MG,1553734314,-22.4,46.13,63.99,93,20,63.99,5.61
517,Coihaique,CL,1553731200,-45.58,-72.07,55.4,54,0,55.4,6.93
518,Suntar,RU,1553734315,62.16,117.65,15.66,83,64,15.66,2.71
519,Termoli,IT,1553734304,42.0,14.99,43.65,63,32,46.0,8.01
520,Outram,NZ,1553734221,-45.86,170.23,62.01,54,0,62.01,7.0
521,Palmer,AU,1553734243,-34.85,139.16,75.34,28,0,79.0,13.87
522,Encs,HU,1553733908,48.33,21.12,33.17,69,0,34.0,2.24
523,Williston,US,1553733910,48.15,-103.62,43.16,65,1,46.4,8.05
524,Skelleftea,SE,1553733847,64.75,20.95,28.49,68,8,30.2,5.82
525,Madimba,CM,1553734317,4.42,9.93,81.45,75,0,81.45,9.75
526,Gornopravdinsk,RU,1553734317,60.06,69.92,29.07,96,32,29.07,4.16
527,Majene,ID,1553734318,-3.54,118.97,81.58,100,24,81.58,7.07
528,Pimentel,BR,1553734318,-3.7,-45.5,76.0,95,32,76.0,2.26
529,Deming,US,1553733910,32.27,-107.76,72.7,9,1,80.6,11.41
530,Sawtell,AU,1553734094,-30.38,153.1,73.62,69,75,75.2,9.17
531,Syracuse,US,1553734291,43.05,-76.15,39.27,50,1,43.0,4.94
532,Berlevag,NO,1553734181,70.86,29.09,33.25,100,92,33.25,12.44
533,Xining,CN,1553734320,36.62,101.77,27.36,30,0,27.36,7.52
534,La Asuncion,EC,1553734320,-1.64,-78.74,52.2,85,68,52.2,1.25
535,Nicoya,CR,1553731200,10.15,-85.45,84.2,54,0,84.2,28.86
536,Laguna,MX,1553730300,27.52,-110.01,84.2,17,90,84.2,5.82
537,Inirida,CO,1553734322,3.87,-67.92,79.6,80,20,79.6,2.15
538,Wundanyi,KE,1553734322,-3.4,38.37,68.35,94,64,68.35,2.59
539,Tapejara,BR,1553734322,-23.73,-52.87,70.83,85,24,70.83,12.21
540,Balkanabat,TM,1553734322,39.51,54.36,36.45,96,8,36.45,2.59
541,Bima,ID,1553734302,-8.45,118.73,77.76,97,56,77.76,2.59
542,Hualmay,PE,1553734323,-11.1,-77.61,70.29,84,48,70.29,4.5
543,Bambanglipuro,ID,1553734323,-7.95,110.28,74.97,96,0,74.97,3.83
544,Perth,GB,1553734142,56.4,-3.43,45.52,87,75,48.0,9.17
545,Marondera,ZW,1553734324,-18.19,31.55,58.41,94,0,58.41,7.29
546,Ilulissat,GL,1553732400,69.22,-51.1,6.8,71,75,6.8,14.99
547,Otradnoye,RU,1553734303,59.77,30.8,27.39,76,75,32.0,6.71
548,Aitape,PG,1553734325,-3.15,142.36,80.64,95,88,80.64,2.59
549,Roebourne,AU,1553734325,-20.77,117.15,75.69,96,0,75.69,7.29
550,Alanya,TR,1553730600,36.55,32.0,48.2,93,0,48.2,3.36
551,Bonavista,CA,1553733932,48.65,-53.11,15.01,71,0,15.01,1.01
552,Bykovo,RU,1553734171,49.76,45.39,39.28,94,92,39.28,2.93
553,Trat,TH,1553734184,12.25,102.51,86.2,64,88,87.01,4.61
554,Barabinsk,RU,1553734326,55.35,78.35,11.2,64,0,11.2,2.82
555,Jamsa,FI,1553734052,61.86,25.19,25.63,100,0,28.0,3.36
556,Hutang,CN,1553734327,29.22,119.85,59.67,100,92,59.67,3.6
557,Masakin,YE,1553734327,15.32,47.68,59.08,77,0,59.08,3.71
558,Dzhebariki-Khaya,RU,1553734328,62.22,135.8,6.25,63,8,6.25,3.15
559,Puerto del Rosario,ES,1553731200,28.5,-13.86,64.4,77,68,64.4,6.93
560,Vilhena,BR,1553734328,-12.74,-60.15,74.47,86,76,74.47,3.71
561,Alyangula,AU,1553731200,-13.85,136.42,84.2,66,40,84.2,8.05
562,Huaicheng,CN,1553734329,23.91,112.19,68.67,93,92,68.67,3.15
563,Murgab,TM,1553731200,37.5,61.97,50.0,100,32,50.0,2.93
564,Nishihara,JP,1553734300,35.74,139.53,59.04,47,75,63.0,11.41
